name,address,latitude,longitude,rating,user_ratings_total,place_id,types,business_status,formatted_phone_number,website,formatted_address,business_name,website_url,domain,has_ads,ads_confidence,ads_error,checked_at
"Kadıköy Otomotiv - Tamir Oto Elektrik Akü, Lastik ve Yol Yardım","Acıbadem, Acıbadem Cd. no8, Kadıköy",40.9951826,29.0338547,5.0,31,ChIJw0sLH4W5yhQRxXU9sRGTO4A,"car_repair, point_of_interest, establishment",OPERATIONAL,0530 299 96 08,https://www.kadikoyotomotiv.com.tr/,"Acıbadem, Acıbadem Cd. no8, 34718 Kadıköy/İstanbul, Türkiye","Kadıköy Otomotiv - Tamir Oto Elektrik Akü, Lastik ve Yol Yardım",https://www.kadikoyotomotiv.com.tr/,kadikoyotomotiv.com.tr,True,high,,2025-10-20 05:12:03
AKÜCÜ VE OTO ELEKTRİKÇİ - OTO AKÜ ŞARJ - AKÜ TAKVİYESİ - 7/24 AKÜ SATIŞI - YOL YARDIM,"Çatma Mescit, Çatma Mescit Çeşme Sk. 15a D:34430, Beyoğlu",41.0313812,28.9714117,4.9,40,ChIJa7MDmfS5yhQReD7M-FgFHpE,"car_repair, store, point_of_interest, establishment",OPERATIONAL,(0212) 582 29 42,,"Çatma Mescit, Çatma Mescit Çeşme Sk. 15a D:34430, 34430 Beyoğlu/İstanbul, Türkiye",AKÜCÜ VE OTO ELEKTRİKÇİ - OTO AKÜ ŞARJ - AKÜ TAKVİYESİ - 7/24 AKÜ SATIŞI - YOL YARDIM,,,False,low,No domain provided,
Kadıköy Acil Akü Takviye ve Mekanik - 7/24 Oto Elektrik ve Akü Değişim,"Rasimpaşa, Orgeneral Şahap Gürler Cd. No:36/A, Kadıköy",40.9972917,29.0269979,4.9,146,ChIJ63jUQqK5yhQRdIL0L4fEd5Q,"car_repair, store, point_of_interest, establishment",OPERATIONAL,0505 087 19 08,https://kadikoyotoelektrik.com.tr/,"Rasimpaşa, Orgeneral Şahap Gürler Cd. No:36/A, 34716 Kadıköy/İstanbul, Türkiye",Kadıköy Acil Akü Takviye ve Mekanik - 7/24 Oto Elektrik ve Akü Değişim,https://kadikoyotoelektrik.com.tr/,kadikoyotoelektrik.com.tr,False,low,,2025-10-20 05:12:03
KARLICA 7/24 Akü Takviye & Yol Yardım,"Yeşilpınar, Çay Sk. No:1 D:3 D10, Eyüpsultan",41.0713061,28.9169742,4.9,38,ChIJx7QnEXG3yhQRnS_sEONjlXc,"car_repair, point_of_interest, establishment",OPERATIONAL,0532 640 26 63,,"Yeşilpınar, Çay Sk. No:1 D:3 D10, 34065 Eyüpsultan/İstanbul, Türkiye",KARLICA 7/24 Akü Takviye & Yol Yardım,,,False,low,No domain provided,
LEVENT 7/24 AKÜ TAKVİYE & YOL YARDIM,"Levent, Çarşı Cd., Beşiktaş",41.0756935,29.0150069,5.0,57,ChIJL66Fee23yhQRTcA73x5RT-s,"car_repair, point_of_interest, establishment",OPERATIONAL,0532 450 40 69,,"Levent, Çarşı Cd., 34330 Beşiktaş/İstanbul, Türkiye",LEVENT 7/24 AKÜ TAKVİYE & YOL YARDIM,,,False,low,No domain provided,
Esenler Akü Market -AKÜ YOL YARDIM,"Oruçreis, Şht. Ali Karahan Cd. No:103/A, Esenler",41.0609556,28.8591533,4.8,134,ChIJAT8jkkulyhQRgKBmqz01q1o,"car_repair, store, point_of_interest, establishment",OPERATIONAL,0537 300 14 58,https://esenlerakumarket.com/,"Oruçreis, Şht. Ali Karahan Cd. No:103/A, 34235 Esenler/İstanbul, Türkiye",Esenler Akü Market -AKÜ YOL YARDIM,https://esenlerakumarket.com/,esenlerakumarket.com,True,high,,2025-10-20 05:12:04
"AVRASYA AKÜ 7/24 ACİL Akü Takviye & Değişim, Yol Yardım","Gülbahar, Gayret Sk. 20/12, Şişli",41.070706,29.0043276,5.0,42,ChIJ5TCbbMC3yhQRwf_2XzK0mew,"car_repair, point_of_interest, establishment",OPERATIONAL,0546 421 61 61,http://www.akuteknik.com/,"Gülbahar, Gayret Sk. 20/12, 34394 Şişli/İstanbul, Türkiye","AVRASYA AKÜ 7/24 ACİL Akü Takviye & Değişim, Yol Yardım",http://www.akuteknik.com/,akuteknik.com,True,high,,2025-10-20 05:12:04
7/24 Acil Yol Yardım | Yerinde Akü Değişim & Akü Takviye | Yerinde Lastik Değişim | Anadolu Yakası,"Ünalan, Yüzer Sk. No:20/3, Üsküdar",40.99976160000001,29.0637742,5.0,369,ChIJj25aTyDHyhQRUdnkcDJtKnc,"car_repair, store, point_of_interest, establishment",OPERATIONAL,0554 705 03 79,https://anadoluaracyolyardim.com/,"Ünalan, Yüzer Sk. No:20/3, 34700 Üsküdar/İstanbul, Türkiye",7/24 Acil Yol Yardım | Yerinde Akü Değişim & Akü Takviye | Yerinde Lastik Değişim | Anadolu Yakası,https://anadoluaracyolyardim.com/,anadoluaracyolyardim.com,False,low,,2025-10-20 05:12:04
Kadıköy Mücahit Oto Akü Oto Lastik Oto Elektirik Ve Yol Yardım ÇILGIN HACI,"Rasimpaşa, Orgeneral Şahap Gürler Cd. No: 22/A, Kadıköy",40.9968959,29.0262182,4.4,213,ChIJqUFyoWu4yhQRfc2BKlMh9Ak,"car_repair, store, point_of_interest, establishment",OPERATIONAL,0532 706 18 15,http://www.mucahitotoaku.com/,"Rasimpaşa, Orgeneral Şahap Gürler Cd. No: 22/A, 34716 Kadıköy/İstanbul, Türkiye",Kadıköy Mücahit Oto Akü Oto Lastik Oto Elektirik Ve Yol Yardım ÇILGIN HACI,http://www.mucahitotoaku.com/,mucahitotoaku.com,True,high,,2025-10-20 05:12:04
"AVRUPA AKÜ 7/24 ACİL Akü Takviye & Değişim , Yol Yardım","Balmumcu, Zincirlikuyu Sk., Beşiktaş",41.0642498,29.0125327,5.0,10,ChIJ2fXDodS3yhQRO0AVafkNyb8,"car_repair, store, point_of_interest, establishment",OPERATIONAL,0541 187 61 84,http://www.akuteknik.com/,"Balmumcu, Zincirlikuyu Sk., 34345 Beşiktaş/İstanbul, Türkiye","AVRUPA AKÜ 7/24 ACİL Akü Takviye & Değişim , Yol Yardım",http://www.akuteknik.com/,akuteknik.com,True,high,,2025-10-20 05:12:04
Mihrimah Oto Akü Oto Bakım Oto Elektrik Oto Lastik ve Oto Yol Yardım Servisi,"Hasanpaşa, Kurbağalıdere Cd. No:119, Kadıköy",40.9952317,29.0421391,4.9,135,ChIJjb4Hx5S5yhQRMFemv00SMtg,"car_repair, car_dealer, store, point_of_interest, establishment",OPERATIONAL,0552 174 37 38,https://mihrimahoto.com/#anasayfa,"Hasanpaşa, Kurbağalıdere Cd. No:119, 34744 Kadıköy/İstanbul, Türkiye",Mihrimah Oto Akü Oto Bakım Oto Elektrik Oto Lastik ve Oto Yol Yardım Servisi,https://mihrimahoto.com/#anasayfa,mihrimahoto.com,False,low,,2025-10-20 05:12:05
Acil Akücü Koçyiğit Otomotiv akü 7/24 Yol Yardım,"Atatürk oto sanayi sitesi 2. kısım, 26. Sk. no:1000, Sarıyer",41.1164755,29.0180298,4.8,20,ChIJDczvylu1yhQRwxmTI2ah86Q,"car_repair, store, point_of_interest, establishment",OPERATIONAL,0537 954 90 27,,"Atatürk oto sanayi sitesi 2. kısım, Maslak, 26. Sk. no:1000, 34485 Sarıyer/İstanbul, Türkiye",Acil Akücü Koçyiğit Otomotiv akü 7/24 Yol Yardım,,,False,low,No domain provided,
Akücü 7/24 açık Maslak akü Zafer akü Varta Mutlu akü takviye oto klima Sarıyer,"Maslak, oto sanayi 1 kısım 296/1, Sarıyer",41.1177072,29.0225427,5.0,1012,ChIJJVMZWK_LyhQRMC4yvIYk59w,"car_repair, store, point_of_interest, establishment",OPERATIONAL,0531 632 29 55,https://akucuzafer34.wixsite.com/sitem,"Maslak, oto sanayi 1 kısım 296/1, 34389 Sarıyer/İstanbul, Türkiye",Akücü 7/24 açık Maslak akü Zafer akü Varta Mutlu akü takviye oto klima Sarıyer,https://akucuzafer34.wixsite.com/sitem,akucuzafer34.wixsite.com,True,high,,2025-10-20 05:12:05
Akü I Mutlu Akü I Varta Akü I Akü Takviye ve Akü Şarj Oto Elektrik ve Yol Yardım Tamir Ustası Cihangir TAKSİM - BEYOĞLU,"Pürtelaş Hasan Efendi Mahallesi Akyol Caddesi No:7/A, Cihangir, Akyol Sk. No: 7, Beyoğlu",41.0316379,28.9872837,5.0,228,ChIJKdRSRTY2j48RH7_ClVgvVEs,"car_repair, store, point_of_interest, establishment",OPERATIONAL,0532 336 19 65,,"Pürtelaş Hasan Efendi Mahallesi Akyol Caddesi No:7/A, Cihangir, Akyol Sk. No: 7, 34433 Beyoğlu/İstanbul, Türkiye",Akü I Mutlu Akü I Varta Akü I Akü Takviye ve Akü Şarj Oto Elektrik ve Yol Yardım Tamir Ustası Cihangir TAKSİM - BEYOĞLU,,,False,low,No domain provided,
Kerem Akü Yerinde Montaj Hizmeti | Akü Fiyatları | Oto ve Motosiklet Aküsü | Takviye Hizmeti | Acil akü | Hata Kodu Silme,"Fulya, Mehmetçik Cd. No: 3B, Şişli",41.06336200000001,28.9955618,5.0,162,ChIJuT9PZ7i3yhQR1QEPm2IwsZM,"car_repair, store, point_of_interest, establishment",OPERATIONAL,0551 964 03 45,https://www.keremaku.com/,"Fulya, Mehmetçik Cd. No: 3B, 34394 Şişli/İstanbul, Türkiye",Kerem Akü Yerinde Montaj Hizmeti | Akü Fiyatları | Oto ve Motosiklet Aküsü | Takviye Hizmeti | Acil akü | Hata Kodu Silme,https://www.keremaku.com/,keremaku.com,True,high,,2025-10-20 05:12:05
AYYILDIZ AKÜ MARKET ÜMRANİYE | ACİL AKÜCÜ,"Esenevler, Talatpaşa Cd No:4/A, Ümraniye",41.0179901,29.0858359,4.6,111,ChIJd2vDfGDIyhQRQ0TnVrthKXA,"car_repair, store, point_of_interest, establishment",OPERATIONAL,0538 820 64 84,https://akuservisim.com/,"Esenevler, Talatpaşa Cd No:4/A, 34762 Ümraniye/İstanbul, Türkiye",AYYILDIZ AKÜ MARKET ÜMRANİYE | ACİL AKÜCÜ,https://akuservisim.com/,akuservisim.com,True,high,,2025-10-20 05:12:06
"MELLON AKÜ 7/24 ACİL Akü Takviye & Değişim , Yol Yardım","Akat, Yeşim Sk. No:16, Beşiktaş",41.0797306,29.0262843,5.0,18,ChIJlbEw8Ti5yhQRgs4Uu6-zMiE,"car_repair, point_of_interest, establishment",OPERATIONAL,0546 176 32 61,http://www.akuteknik.com/,"Akat, Yeşim Sk. No:16, 34335 Beşiktaş/İstanbul, Türkiye","MELLON AKÜ 7/24 ACİL Akü Takviye & Değişim , Yol Yardım",http://www.akuteknik.com/,akuteknik.com,True,high,,2025-10-20 05:12:06
7/24 ACİL AKÜ & ACİL LASTİK & AKÜ DEĞİŞİM & YOL YARDIM & LASTİK DEĞİŞİMİ&AKÜ TAKVİYE&UTTS MONTAJ,"Küplüce, Nuri Bey Sk. No:83, Üsküdar",41.0320936,29.0583429,4.9,29,ChIJgSkqHijJyhQR0zVoZDyb9DI,"car_repair, store, point_of_interest, establishment",OPERATIONAL,0541 691 49 61,http://www.inciaku.com/tr,"Küplüce, Nuri Bey Sk. No:83, 34674 Üsküdar/İstanbul, Türkiye",7/24 ACİL AKÜ & ACİL LASTİK & AKÜ DEĞİŞİM & YOL YARDIM & LASTİK DEĞİŞİMİ&AKÜ TAKVİYE&UTTS MONTAJ,http://www.inciaku.com/tr,inciaku.com,True,high,,2025-10-20 05:12:06
BURKA TICARET 7/24 AKU ELEKTRİK YOL YARDİM SERVİSİ,"İnönü, Dolapdere Cd. No:2, Şişli",41.0429259,28.9816655,4.0,21,ChIJyXq9M2m3yhQR8QL3fpXfqcE,"car_repair, store, point_of_interest, establishment",OPERATIONAL,0553 536 58 12,,"İnönü, Dolapdere Cd. No:2, 34373 Şişli/İstanbul, Türkiye",BURKA TICARET 7/24 AKU ELEKTRİK YOL YARDİM SERVİSİ,,,False,low,No domain provided,
ÇAĞLAR OTOMOTİV AKÜ YOL YARDIMI ANADOLU YAKASI MOLL VARTA MUTLU AKÜ,"Yamanevler, Fatih Sultan Mehmet Sanayi Sitesi A2 Blok 22, Ümraniye",41.0258354,29.118531,5.0,81,ChIJaY8gfd7IyhQR1CT8VTAwODo,"car_repair, store, point_of_interest, establishment",OPERATIONAL,0554 143 66 37,https://www.caglaraku.com.tr/,"Yamanevler, Fatih Sultan Mehmet Sanayi Sitesi A2 Blok 22, 34768 Ümraniye/İstanbul, Türkiye",ÇAĞLAR OTOMOTİV AKÜ YOL YARDIMI ANADOLU YAKASI MOLL VARTA MUTLU AKÜ,https://www.caglaraku.com.tr/,caglaraku.com.tr,True,high,,2025-10-20 05:12:06
BATUSAN AKÜ - ÜMRANİYE AKÜ - 7/24 ACİL AKÜ - AKÜ YOL YARDIM - AKÜCÜ - AKÜ SERVİSİ -,"Atakent, Mithatpaşa Cd. No:161A D:1, Ümraniye",41.022338,29.113236,5.0,367,ChIJlbUN9vrIyhQR5h02c6cXMxI,"car_repair, store, point_of_interest, establishment",OPERATIONAL,0534 635 32 10,https://batusanaku.com/,"Atakent, Mithatpaşa Cd. No:161A D:1, 34307 Ümraniye/İstanbul, Türkiye",BATUSAN AKÜ - ÜMRANİYE AKÜ - 7/24 ACİL AKÜ - AKÜ YOL YARDIM - AKÜCÜ - AKÜ SERVİSİ -,https://batusanaku.com/,batusanaku.com,True,high,,2025-10-20 05:12:06
Ümraniye Akü Yol Yardım Takviye,"Yamanevler, Gümrükçüler Sanayi Sitesi E Blok No: 2, Ümraniye",41.0232641,29.1174746,5.0,11,ChIJMzSEq8qlyhQR702nJU1u5Ps,"car_repair, point_of_interest, establishment",OPERATIONAL,0537 475 38 97,,"Yamanevler, Gümrükçüler Sanayi Sitesi E Blok No: 2, 34768 Ümraniye/İstanbul, Türkiye",Ümraniye Akü Yol Yardım Takviye,,,False,low,No domain provided,
Küçükçekmece Mobil Akücü - 7/24 Akü Yol Yardım & Takviye | Paşaoğlu Akü,"Meydan Halkalı Residance, Halkalı Merkez, 1. İkitelli Cad. A Blok, Küçükçekmece",41.0361921,28.7893357,5.0,48,ChIJx8NZ7kGlyhQR9FrmlKtLwyQ,"car_repair, store, point_of_interest, establishment",OPERATIONAL,0540 226 23 23,https://www.pasaogluaku.com/kucukcekmece-akucu,"Meydan Halkalı Residance, Halkalı Merkez, 1. İkitelli Cad. A Blok, 34307 Küçükçekmece/İstanbul, Türkiye",Küçükçekmece Mobil Akücü - 7/24 Akü Yol Yardım & Takviye | Paşaoğlu Akü,https://www.pasaogluaku.com/kucukcekmece-akucu,pasaogluaku.com,True,high,,2025-10-20 05:12:07
HCS AKÜ MARKET - 7/24 AKÜ SERVİSİ,"Yenibosna Merkez, Atatürk Cd. No:43 D:C, Bahçelievler",41.0146328,28.8347526,5.0,36,ChIJ9YF8NFulyhQRx8qBjqSYQZI,"car_repair, store, point_of_interest, establishment",OPERATIONAL,0531 560 67 55,https://www.yolyardimaku.com.tr/,"Yenibosna Merkez, Atatürk Cd. No:43 D:C, 34000 Bahçelievler/İstanbul, Türkiye",HCS AKÜ MARKET - 7/24 AKÜ SERVİSİ,https://www.yolyardimaku.com.tr/,yolyardimaku.com.tr,True,high,,2025-10-20 05:12:07
7/24 Yol Yardım Oto Elektrik Akü Ve Lastikçi,"Barbaros, 202. Sk 23/A, Bağcılar",41.0220502,28.840196,4.8,165,ChIJ8eOiZiulyhQRchUqu7L1Eb4,"car_repair, store, point_of_interest, establishment",OPERATIONAL,0532 437 94 90,https://7-24yolyardimi.com/,"Barbaros, 202. Sk 23/A, 34200 Bağcılar/İstanbul, Türkiye",7/24 Yol Yardım Oto Elektrik Akü Ve Lastikçi,https://7-24yolyardimi.com/,7-24yolyardimi.com,False,low,,2025-10-20 05:12:07
Mobil Akücü Mrt Akü Market,"Kocasinan Merkez, Gökdere Sk. No:12 D:5, Bahçelievler",41.0155808,28.8427397,4.8,18,ChIJN73web6lyhQR8p6KvYmx6Jc,"car_repair, store, point_of_interest, establishment",OPERATIONAL,(0212) 706 47 65,,"Kocasinan Merkez, Gökdere Sk. No:12 D:5, 34186 Bahçelievler/İstanbul, Türkiye",Mobil Akücü Mrt Akü Market,,,False,low,No domain provided,
Akü istoç inci akü mutlu akü yigit akü ucuz akü acil akü,"Bagcılar istoç oto market o5 blok no 131, Bağcılar",41.0663527,28.83637779999999,5.0,6,ChIJE6Iu7dalyhQRVQ4TrqiTHGI,"car_repair, store, point_of_interest, establishment",OPERATIONAL,0538 601 38 48,,"Bagcılar istoç oto market o5 blok no 131, Göztepe, 34500 Bağcılar/İstanbul, Türkiye",Akü istoç inci akü mutlu akü yigit akü ucuz akü acil akü,,,False,low,No domain provided,
OTO KENAN AKÜ MARKET-akü market değişimi servisi yiğit akü bayii akücü.klima gazı dolum noktası,"Halkalı Merkez, Maslak Çeşme Cd. 168/A, Küçükçekmece",41.0285365,28.7963391,4.8,35,ChIJYx0yxUOkyhQRmVwQeGrVhNE,"car_repair, store, point_of_interest, establishment",OPERATIONAL,0535 785 96 99,https://www.webseoyazilim.com/05357859699-oto-kenan-aku-servis-aku-degisimi-yenileme-kucukcekmece,"Halkalı Merkez, Maslak Çeşme Cd. 168/A, 34303 Küçükçekmece/İstanbul, Türkiye",OTO KENAN AKÜ MARKET-akü market değişimi servisi yiğit akü bayii akücü.klima gazı dolum noktası,https://www.webseoyazilim.com/05357859699-oto-kenan-aku-servis-aku-degisimi-yenileme-kucukcekmece,webseoyazilim.com,False,low,,2025-10-20 05:12:08
Öztürk kardeşler lastik jant akü satış tamir yol yardım hizmetleri satılmış usta,"Aykosan san sit.4lü C blok No:62, İkitelli OSB, 34944, Başakşehir",41.071741,28.7960502,4.6,114,ChIJVVWZS1KnyhQRklQgSI96BQw,"car_repair, store, point_of_interest, establishment",OPERATIONAL,0538 841 57 57,http://www.ozturkkardeslerlastikjantaku.com/,"Aykosan san sit.4lü C blok No:62, İkitelli OSB, 34944, İkitelli OSB, 34000 Başakşehir/İstanbul, Türkiye",Öztürk kardeşler lastik jant akü satış tamir yol yardım hizmetleri satılmış usta,http://www.ozturkkardeslerlastikjantaku.com/,ozturkkardeslerlastikjantaku.com,True,high,,2025-10-20 05:12:08
MUTLU AKÜ 7/24 MOBİL SERVİS ÖZDEMİR OTOMOTİV BAŞAKŞEHİR MUTLU AKÜ BAYİİ VE YETKİLİ SERVİS,"İkitelli OSB, Dolapdere Sanayi Sitesi 17 .Ada, ikitelli Osb/Başakşehir",41.0720374,28.807844,5.0,204,ChIJQSvAye2lyhQRrDouRi-qoYU,"car_repair, store, point_of_interest, establishment",OPERATIONAL,(0212) 549 43 74,https://www.instagram.com/ozzdemirotomotiv/,"İkitelli OSB, Dolapdere Sanayi Sitesi 17 .Ada, 34490 ikitelli Osb/Başakşehir/İstanbul, Türkiye",MUTLU AKÜ 7/24 MOBİL SERVİS ÖZDEMİR OTOMOTİV BAŞAKŞEHİR MUTLU AKÜ BAYİİ VE YETKİLİ SERVİS,https://www.instagram.com/ozzdemirotomotiv/,instagram.com,False,low,,2025-10-20 05:12:08
Can Oto elektrik Akü Market 7/24 AKÜCÜ BEYLİKDÜZÜ BAHÇEŞEHİR ESENYURT FLORYA AVCILAR BÜYÜKÇEKMECE YOL YARDIM AKÜ TAKVİYESİ,"Merkez, Burnaz Cd. No:3, Avcılar",40.985302,28.720596,4.8,42,ChIJba2B29qhyhQRtVo1azgd2wg,"car_repair, store, point_of_interest, establishment",OPERATIONAL,0507 858 80 33,,"Merkez, Burnaz Cd. No:3, 34315 Avcılar/İstanbul, Türkiye",Can Oto elektrik Akü Market 7/24 AKÜCÜ BEYLİKDÜZÜ BAHÇEŞEHİR ESENYURT FLORYA AVCILAR BÜYÜKÇEKMECE YOL YARDIM AKÜ TAKVİYESİ,,,False,low,No domain provided,
"Paşaoğlu Akü Başakşehir – 7/24 Akücü & Akü Satışı | Yerinde Değişim, Takviye & Akü Yol Yardımı","Tahtakale, Istanbul Cd No:96/1, Başakşehir",41.063192,28.7413759,5.0,765,ChIJ44AFBwinyhQR_IDBxgjdo9c,"car_repair, store, point_of_interest, establishment",OPERATIONAL,0540 225 23 23,https://www.pasaogluaku.com/,"Tahtakale, Istanbul Cd No:96/1, 34494 Başakşehir/İstanbul, Türkiye","Paşaoğlu Akü Başakşehir – 7/24 Akücü & Akü Satışı | Yerinde Değişim, Takviye & Akü Yol Yardımı",https://www.pasaogluaku.com/,pasaogluaku.com,True,high,,2025-10-20 05:12:09
Artaş Akü Market 7/24 akü servisi,"Yeşilkent, Gazi Cd. No:136 - 2, Esenyurt",41.0301863,28.6632655,5.0,360,ChIJJ-uvXGFftRQRUFhWr-o0IBw,"car_repair, store, point_of_interest, establishment",OPERATIONAL,0535 966 67 50,https://www.artasakumarket.com/,"Yeşilkent, Gazi Cd. No:136 - 2, 34515 Esenyurt/İstanbul, Türkiye",Artaş Akü Market 7/24 akü servisi,https://www.artasakumarket.com/,artasakumarket.com,True,high,,2025-10-20 05:12:09
Altıntaş Akü Market 7/24 Akü Servisi,"Yeşilkent, 1914. Sk. No:20, Esenyurt",41.0295547,28.663956,4.9,81,ChIJbfcKQSNftRQRACK0NnGl70Y,"car_repair, store, point_of_interest, establishment",OPERATIONAL,0533 293 34 50,https://www.altintasakumarket.net/,"Yeşilkent, 1914. Sk. No:20, 34500 Esenyurt/İstanbul, Türkiye",Altıntaş Akü Market 7/24 Akü Servisi,https://www.altintasakumarket.net/,altintasakumarket.net,True,high,,2025-10-20 05:12:09
DOST AKÜ VE TAKVIYE SERVIS HIZMETI,"Merkez, Cengiz Sk. No:6, Avcılar",40.98377139999999,28.7197931,5.0,15,ChIJz7471ayhyhQRz7NFt3PKrbM,"car_repair, store, point_of_interest, establishment",OPERATIONAL,0535 595 69 06,,"Merkez, Cengiz Sk. No:6, 34310 Avcılar/İstanbul, Türkiye",DOST AKÜ VE TAKVIYE SERVIS HIZMETI,,,False,low,No domain provided,
AKÜ YOL YARDIM,"Merkez, Spor Sk. No:20, Avcılar",40.98429700000001,28.720768,4.8,60,ChIJpZ0nxKyhyhQRL6Rh4_Lj_60,"car_repair, store, point_of_interest, establishment",OPERATIONAL,0532 517 19 71,https://akuyardim.com/,"Merkez, Spor Sk. No:20, 34315 Avcılar/İstanbul, Türkiye",AKÜ YOL YARDIM,https://akuyardim.com/,akuyardim.com,True,high,,2025-10-20 05:12:10
7/24 MOBİL OTO LASTİKCİ AKÜ VE AKÜ TAKVİYE YOL YARDIM 24 saat açık,"shell petrol yanı, Barbaros Hayrettin Paşa, e5 yanyol, Esenyurt",41.0160687,28.6397203,5.0,7,ChIJ0STM6ChftRQRN9oSwOKkaJ0,"car_repair, store, point_of_interest, establishment",OPERATIONAL,0532 680 41 23,,"shell petrol yanı, Barbaros Hayrettin Paşa, e5 yanyol, 34450 Esenyurt/İstanbul, Türkiye",7/24 MOBİL OTO LASTİKCİ AKÜ VE AKÜ TAKVİYE YOL YARDIM 24 saat açık,,,False,low,No domain provided,
Akücü Akü Takviye Yol Yardım Oto Elektrik,"Kavaklı Mahallesi Batı Tırakya Bulvarı, İstanbul Cd. No:109 D:1E, Beylikdüzü",40.9843193,28.6446484,4.7,16,ChIJvWMvhk9ftRQRBBXimLFnntc,"car_repair, point_of_interest, establishment",OPERATIONAL,0501 009 99 34,,"Kavaklı Mahallesi Batı Tırakya Bulvarı, Kavaklı, İstanbul Cd. No:109 D:1E, 34520 Beylikdüzü/İstanbul, Türkiye",Akücü Akü Takviye Yol Yardım Oto Elektrik,,,False,low,No domain provided,
Tümtaş Akü Takviye ve Yol Yardım,"Saadetdere, 1. Sk. 2 A AP. NO:2 A D:0 K, Esenyurt",41.0104694,28.6999972,5.0,12,ChIJU931l5ehyhQRHbhx5kGb1-Q,"car_repair, store, point_of_interest, establishment",OPERATIONAL,0530 784 24 42,https://tumtas.com.tr/,"Saadetdere, 1. Sk. 2 A AP. NO:2 A D:0 K, 34513 Esenyurt/İstanbul, Türkiye",Tümtaş Akü Takviye ve Yol Yardım,https://tumtas.com.tr/,tumtas.com.tr,False,low,,2025-10-20 05:12:10
Kayaşehir Mobil Akücü 7/24 - Akü Yol Yardım & Takviye | Paşaoğlu Akü,"Kayabaşı, Merkes Kayaşehir Merkez AVM, Başakşehir",41.1082797,28.7583457,4.9,27,ChIJQTAqSiGpyhQRhcYDr1aSZg0,"car_repair, store, point_of_interest, establishment",OPERATIONAL,0540 025 23 23,https://www.pasaogluaku.com/kayasehir-7-24-akucu,"Kayabaşı, Merkes Kayaşehir Merkez AVM, 34494 Başakşehir/İstanbul, Türkiye",Kayaşehir Mobil Akücü 7/24 - Akü Yol Yardım & Takviye | Paşaoğlu Akü,https://www.pasaogluaku.com/kayasehir-7-24-akucu,pasaogluaku.com,True,high,,2025-10-20 05:12:11
Polat Akü Market 7/24,"Üçevler, Bahçe Yolu Cd. 70 B, Esenyurt",41.026459,28.681766,5.0,37,ChIJFVfRiKqhyhQRhb3RijRk8W8,"car_repair, store, point_of_interest, establishment",OPERATIONAL,0536 693 38 79,https://www.polatakumarket.com/,"Üçevler, Bahçe Yolu Cd. 70 B, 34513 Esenyurt/İstanbul, Türkiye",Polat Akü Market 7/24,https://www.polatakumarket.com/,polatakumarket.com,True,high,,2025-10-20 05:12:11
YILMAZ OTOMOTİV AHMET YILMAZ YOL YARDIM LASTİK TAMİRİ AKÜ YARDIM7/24 ELEKTRİK ROT BALANS,"Altınşehir, Yan Yol Cd No:58, Başakşehir",41.0622631,28.75213579999999,4.8,54,ChIJf7oV92SmyhQR8Tx1QPdqhYc,"car_repair, store, point_of_interest, establishment",OPERATIONAL,0532 745 03 67,http://www.michelin.com.tr/,"Altınşehir, Yan Yol Cd No:58, 34306 Başakşehir/İstanbul, Türkiye",YILMAZ OTOMOTİV AHMET YILMAZ YOL YARDIM LASTİK TAMİRİ AKÜ YARDIM7/24 ELEKTRİK ROT BALANS,http://www.michelin.com.tr/,michelin.com.tr,False,low,,2025-10-20 05:12:11
Filo15 akü yol yardım 7/24,"Mimarsinan Merkez Mahallesi, E-5 Londra asfaltı caddesi no:14/A 34535, Büyükçekmece",41.0180808,28.5629269,5.0,36,ChIJ-frfmBJdtRQRyaV_mUBddW4,"car_repair, store, point_of_interest, establishment",OPERATIONAL,0532 543 04 60,,"Mimarsinan Merkez Mahallesi, E-5 Londra asfaltı caddesi no:14/A 34535, 34535 Büyükçekmece/İstanbul, Türkiye",Filo15 akü yol yardım 7/24,,,False,low,No domain provided,
Akü Market Mobil Akücü Varta | BMS Oto,"Mimar Sinan Merkez, E5 No:30/A, Büyükçekmece",41.0178893,28.5614892,5.0,33,ChIJRTPCb8FdtRQRx3Miq2K5VAI,"car_repair, store, point_of_interest, establishment",OPERATIONAL,0530 781 14 08,https://sites.google.com/view/bms-aku-servis,"Mimar Sinan Merkez, E5 No:30/A, 34535 Büyükçekmece/İstanbul, Türkiye",Akü Market Mobil Akücü Varta | BMS Oto,https://sites.google.com/view/bms-aku-servis,sites.google.com,False,low,,2025-10-20 05:12:11
AKÜ MARKET OTO ELEKTRİK YOL YARDIM SERVİSİ BÜYÜKÇEKMECE İSTANBUL,"Mimarsinan mahallesi içel caddesi gültur sanayi sitesi SAĞLAM OTO, Büyükçekmece",41.0234166,28.5600887,0.0,0,ChIJL5iCC11dtRQRub_oRmyeYtQ,"car_repair, point_of_interest, establishment",OPERATIONAL,0535 556 83 54,,"Mimarsinan mahallesi içel caddesi gültur sanayi sitesi SAĞLAM OTO, Mimar Sinan Merkez, 34500 Büyükçekmece/İstanbul, Türkiye",AKÜ MARKET OTO ELEKTRİK YOL YARDIM SERVİSİ BÜYÜKÇEKMECE İSTANBUL,,,False,low,No domain provided,
KAVAKLI AKÜ MARKET akü servisi değişimi Beylikdüzü,"Kavaklı, Batı Trakya Blv. no:17/7, Beylikdüzü",40.9844054,28.6455953,4.9,75,ChIJAQOAYMRftRQRkp20c_XmTZk,"car_repair, store, point_of_interest, establishment",OPERATIONAL,0532 582 08 04,https://www.webseoyazilim.com/05325820804-kavakli-aku-market-varta-mutlu-aku-bayii-kavakli-beylikduzukava,"Kavaklı, Batı Trakya Blv. no:17/7, 34520 Beylikdüzü/İstanbul, Türkiye",KAVAKLI AKÜ MARKET akü servisi değişimi Beylikdüzü,https://www.webseoyazilim.com/05325820804-kavakli-aku-market-varta-mutlu-aku-bayii-kavakli-beylikduzukava,webseoyazilim.com,False,low,,2025-10-20 05:12:12
HEYLASTİK | 7/24 MOBİL YOL YARDIM - OTO LASTİKÇİ AKÜCÜ HALKALI AKÜ SERVİSİ ACİL MOBİL LASTİK TAMİRİ LASTİK YOL YARDIM SERVİSİ,"HALKALI MERKEZ MAH. DEMİRKAPI CAD, Çam Sk., Küçükçekmece",41.0293257,28.7941469,4.7,13,ChIJsV-cc8WlyhQRUl3BvcJu6Rs,"car_repair, store, point_of_interest, establishment",OPERATIONAL,0531 884 61 60,https://www.heylastik.com.tr/,"HALKALI MERKEZ MAH. DEMİRKAPI CAD, Halkalı Merkez, Çam Sk., 34303 Küçükçekmece/İstanbul, Türkiye",HEYLASTİK | 7/24 MOBİL YOL YARDIM - OTO LASTİKÇİ AKÜCÜ HALKALI AKÜ SERVİSİ ACİL MOBİL LASTİK TAMİRİ LASTİK YOL YARDIM SERVİSİ,https://www.heylastik.com.tr/,heylastik.com.tr,False,low,,2025-10-20 05:12:12
İSTANBUL ACİL AKÜ SERVİSİ,"Pik dökümcüler sanayi sitesi B 6 Blok No:24, Başakşehir",41.089595,28.79970669999999,3.6,16,ChIJa4f7YWWvyhQRooC3Vgxch44,"car_repair, store, point_of_interest, establishment",OPERATIONAL,0539 913 23 93,,"Pik dökümcüler sanayi sitesi B 6 Blok No:24, İkitelli OSB, 34490 Başakşehir/İstanbul, Türkiye",İSTANBUL ACİL AKÜ SERVİSİ,,,False,low,No domain provided,
Balaban Oto Yağ Değişimi Motor Yağı,"100. Yıl, Veysel Karani Cd. No:80/A, Bağcılar",41.0660102,28.8506415,4.8,8,ChIJe6GZZMilyhQRf7lQkoXw-Cw,"car_repair, point_of_interest, establishment",OPERATIONAL,,,"100. Yıl, Veysel Karani Cd. No:80/A, 34204 Bağcılar/İstanbul, Türkiye",Balaban Oto Yağ Değişimi Motor Yağı,,,False,low,No domain provided,
İstanbul Akü Fiyatları - Varta Akü - Esan Akü - 60 Amper Akü - 72 Amper Akü - Start Stop Akü - Yerinde Akü Değişimi,"Yedikule, Yedikule Cd. No:42, Fatih",40.99441110000001,28.9251066,4.6,13,ChIJ76kpHmi2yhQRbbUgiWCtBjQ,"car_repair, store, point_of_interest, establishment",OPERATIONAL,0535 813 14 32,,"Yedikule, Yedikule Cd. No:42, 34107 Fatih/İstanbul, Türkiye",İstanbul Akü Fiyatları - Varta Akü - Esan Akü - 60 Amper Akü - 72 Amper Akü - Start Stop Akü - Yerinde Akü Değişimi,,,False,low,No domain provided,
İşbilir oto elektrik akü Takviyesi ve Klima Servisi,"İstanbul Cad, Alibeyköy, Başak Oto Sanayi Sitesi, Eyüpsultan",41.0694716,28.9306129,4.9,64,ChIJ0atJt2-xyhQRj85MeoTBLIo,"car_repair, store, point_of_interest, establishment",OPERATIONAL,0539 844 40 89,,"İstanbul Cad, Alibeyköy, Başak Oto Sanayi Sitesi, 34065 Eyüpsultan/İstanbul, Türkiye",İşbilir oto elektrik akü Takviyesi ve Klima Servisi,,,False,low,No domain provided,
"Yenigün Otomotiv – Lastik, Jant, Yol Yardım & Akü Servisi","Sarıgöl, Ordu Cd. No: 118/A, Gaziosmanpaşa",41.0577139,28.9198833,4.7,15,ChIJkaJeZkCxyhQR-ijSvSVACsA,"car_repair, store, point_of_interest, establishment",OPERATIONAL,0507 833 04 54,,"Sarıgöl, Ordu Cd. No: 118/A, 34245 Gaziosmanpaşa/İstanbul, Türkiye","Yenigün Otomotiv – Lastik, Jant, Yol Yardım & Akü Servisi",,,False,low,No domain provided,
Sultangazi Akü Market | Acil Akü | Akü Fiyatları | Kurşunoğlu Akü | Akücü Mustafa,"50. Yıl, Eski Edirne Asf. No:458/A, Sultangazi",41.087184,28.8685561,4.9,13,ChIJkx9bACWwyhQRvfRqwoDfsBE,"car_repair, store, point_of_interest, establishment",OPERATIONAL,0535 340 72 35,,"50. Yıl, Eski Edirne Asf. No:458/A, 34265 Sultangazi/İstanbul, Türkiye",Sultangazi Akü Market | Acil Akü | Akü Fiyatları | Kurşunoğlu Akü | Akücü Mustafa,,,False,low,No domain provided,
ACİL AKÜCÜ COŞKUN AKÜ 7/24,"Yunus Emre, Adem Yavuz Cd. No:56, Sultangazi",41.0954597,28.8923466,5.0,18,ChIJ4aYVSLKxyhQRC1tms6t0Gtk,"car_repair, point_of_interest, establishment",OPERATIONAL,(0212) 536 56 06,http://coskunaku.com/,"Yunus Emre, Adem Yavuz Cd. No:56, 34260 Sultangazi/İstanbul, Türkiye",ACİL AKÜCÜ COŞKUN AKÜ 7/24,http://coskunaku.com/,coskunaku.com,True,high,,2025-10-20 05:12:14
Lastik ve akü 7/24 Mobil Yol yardım,"güden apartamanı, İçerenköy, Oyacı Sk. no:14, Ataşehir",40.97257099999999,29.1123543,5.0,23,ChIJYUWTl2jHyhQRD0FN_xC00Pg,"car_repair, point_of_interest, establishment",OPERATIONAL,0531 892 57 06,http://www.otodoktorum.net/,"güden apartamanı, İçerenköy, Oyacı Sk. no:14, 34752 Ataşehir/İstanbul, Türkiye",Lastik ve akü 7/24 Mobil Yol yardım,http://www.otodoktorum.net/,otodoktorum.net,False,low,,2025-10-20 05:12:15
"Star Oto Elektrik, 7/24, Oto Elektrikçi Bostancı","İçerenköy, Fulya Sk. No:24, Ataşehir",40.96559209999999,29.1105463,3.9,77,ChIJF2WNhFzGyhQRTQBXlFoX2_Q,"car_repair, point_of_interest, establishment",OPERATIONAL,0536 524 57 62,,"İçerenköy, Fulya Sk. No:24, 34744 Ataşehir/İstanbul, Türkiye","Star Oto Elektrik, 7/24, Oto Elektrikçi Bostancı",,,False,low,No domain provided,
Aküm Yolda - Akü Yol Yardım,"Fındıklı, Hancıoğlu Cd. No: 13-15 / 12, Maltepe",40.9689823,29.1251103,5.0,83,ChIJUwvFeezHyhQRYhWoVw1YVDE,"car_repair, store, point_of_interest, establishment",OPERATIONAL,0539 934 91 61,https://akumyolda.com/,"Fındıklı, Hancıoğlu Cd. No: 13-15 / 12, 34854 Maltepe/İstanbul, Türkiye",Aküm Yolda - Akü Yol Yardım,https://akumyolda.com/,akumyolda.com,True,high,,2025-10-20 05:12:15
"Acil Akü Takviye - BK Otomotiv - 7/24 Akü , Akü Değişim ve Yol Yardımı Hizmetleri - Varta Mutlu Akü","Fındıklı, Başıbüyük Yolu Cd No:173, Maltepe",40.97014069999999,29.1449942,5.0,1220,ChIJPfS0d9_FyhQRA4AVXr-SAUo,"car_repair, store, point_of_interest, establishment",OPERATIONAL,0552 350 74 10,https://acilakutakviye.com/,"Fındıklı, Başıbüyük Yolu Cd No:173, 34854 Maltepe/İstanbul, Türkiye","Acil Akü Takviye - BK Otomotiv - 7/24 Akü , Akü Değişim ve Yol Yardımı Hizmetleri - Varta Mutlu Akü",https://acilakutakviye.com/,acilakutakviye.com,True,high,,2025-10-20 05:12:15
Maltepe Yol Yardım Akü Takviye Hizmetleri,"Fındıklı, Maltepe",40.9710668,29.1347028,5.0,11,ChIJUeAbk4jHyhQRQozezDQYmnU,"car_repair, store, point_of_interest, establishment",OPERATIONAL,0553 941 36 33,,"Istanbul, Fındıklı, 34854 Maltepe/İstanbul, Türkiye",Maltepe Yol Yardım Akü Takviye Hizmetleri,,,False,low,No domain provided,
zifht 7/24 Yol Yardım Akü & Lastik & Bakım Servisi,"Safa, Orhangazi Cd No:30, Sancaktepe",40.9957363,29.2475498,5.0,64,ChIJQWBoupTRyhQRDOLcl1uE5hc,"car_repair, store, point_of_interest, establishment",OPERATIONAL,0552 132 35 38,http://zifht.com/,"Safa, Orhangazi Cd No:30, 34791 Sancaktepe/İstanbul, Türkiye",zifht 7/24 Yol Yardım Akü & Lastik & Bakım Servisi,http://zifht.com/,zifht.com,False,low,,2025-10-20 05:12:16
7/24 ACİL AKÜ ÇEKMEKÖY AKÜ TAŞDELEN AKÜ ÜMRANİYE AKÜ ŞİLE AKÜ İNCİ AKÜ YETKİLİ BAYİ,"ZİND ALTI DÜKKANLAR, Cumhuriyet, Bengi Sk. No:1, Çekmeköy",41.0265301,29.229765,5.0,10,ChIJfSI3bgzPyhQRn_BWiCSuS-E,"car_repair, store, point_of_interest, establishment",OPERATIONAL,0530 646 26 59,,"ZİND ALTI DÜKKANLAR, Cumhuriyet, Bengi Sk. No:1, 34406 Çekmeköy/İstanbul, Türkiye",7/24 ACİL AKÜ ÇEKMEKÖY AKÜ TAŞDELEN AKÜ ÜMRANİYE AKÜ ŞİLE AKÜ İNCİ AKÜ YETKİLİ BAYİ,,,False,low,No domain provided,
Kartal akücü& Acil Akü Takviye,"Petroliş, Üsküdar Cd. 68/A, Kartal",40.8914771,29.17766529999999,5.0,8,ChIJEW6DMizDyhQRXRtkGgrO6f8,"car_repair, store, point_of_interest, establishment",OPERATIONAL,0540 491 94 94,,"Petroliş, Üsküdar Cd. 68/A, 34000 Kartal/İstanbul, Türkiye",Kartal akücü& Acil Akü Takviye,,,False,low,No domain provided,
Maltepe Akü Takviye,"Zümrütevler, Candan Sokağı No:16, Maltepe",40.934366,29.1438575,4.4,5,ChIJXxUrWbTFyhQRgyj9wGF86aw,"car_repair, store, point_of_interest, establishment",OPERATIONAL,0533 765 45 46,,"Zümrütevler, Candan Sokağı No:16, 34852 Maltepe/İstanbul, Türkiye",Maltepe Akü Takviye,,,False,low,No domain provided,
"Aydınlı akücü, aydınlı akü servisi, tuzla akücü, tuzla akü servisi, acil akücü, yerinde akü değişimi, akücü, akü servisi,","Aydınlı, Turna Sk no:5 ofis-2, Tuzla",40.8700053,29.3226985,4.9,78,ChIJ3aUmRDHbyhQRl0hiDkOLk7I,"car_repair, point_of_interest, establishment",OPERATIONAL,0543 867 80 80,http://imajoto.net/,"Aydınlı, Turna Sk no:5 ofis-2, 34953 Tuzla/İstanbul, Türkiye","Aydınlı akücü, aydınlı akü servisi, tuzla akücü, tuzla akü servisi, acil akücü, yerinde akü değişimi, akücü, akü servisi,",http://imajoto.net/,imajoto.net,False,low,,2025-10-20 05:12:17
Tuzla Akü Servis Satış Varta Akü Bayi İnci Akü 7/24 ACİL AKÜ,"Postane, Sahilyolu Cd. No:2, Tuzla",40.8168744,29.2977527,5.0,7,ChIJwYjQkqndyhQRhrdX-_jABec,"car_repair, store, point_of_interest, establishment",OPERATIONAL,0545 732 89 51,,"Postane, Sahilyolu Cd. No:2, 34940 Tuzla/İstanbul, Türkiye",Tuzla Akü Servis Satış Varta Akü Bayi İnci Akü 7/24 ACİL AKÜ,,,False,low,No domain provided,
Kurtköy Akü Değişimi Yol Yardım Akü Yerinde Akü Değişim Varta Doğanay Otomotiv,"Yenişehir, Osmanlı Blv. No:9 34912, Pendik",40.929371,29.3080869,5.0,4,ChIJU0czyw_byhQRYgQTi5RtKm8,"car_repair, store, point_of_interest, establishment",OPERATIONAL,(0216) 606 54 26,,"Yenişehir, Osmanlı Blv. No:9 34912, 34890 Pendik/İstanbul, Türkiye",Kurtköy Akü Değişimi Yol Yardım Akü Yerinde Akü Değişim Varta Doğanay Otomotiv,,,False,low,No domain provided,
ESENYALI AKÜCÜ GÜZELYALI AKÜ 7/24 ACİL AKÜ SERVİS AKÜ DEĞİŞİM,"Esenyalı, Sıcak Sk. No:17, Pendik",40.86090739999999,29.2913331,5.0,1,ChIJ2aKVqo7dyhQRS8A5j4bzaVg,"car_repair, store, point_of_interest, establishment",OPERATIONAL,(0216) 606 22 65,,"Esenyalı, Sıcak Sk. No:17, 34903 Pendik/İstanbul, Türkiye",ESENYALI AKÜCÜ GÜZELYALI AKÜ 7/24 ACİL AKÜ SERVİS AKÜ DEĞİŞİM,,,False,low,No domain provided,
AYDINLI AKÜ SERVİS VARTA AKÜ BAYİ AKÜ SATIŞ 7/24 ACİL AKÜ İNCİ AKÜ MUTLU AKÜ,"Aydınlı, İmren Sk. No:23/C, Tuzla",40.8695073,29.3332313,5.0,4,ChIJb6azsSnbyhQRtgi2OME-jjk,"car_repair, store, point_of_interest, establishment",OPERATIONAL,0545 732 89 51,,"Aydınlı, İmren Sk. No:23/C, 34953 Tuzla/İstanbul, Türkiye",AYDINLI AKÜ SERVİS VARTA AKÜ BAYİ AKÜ SATIŞ 7/24 ACİL AKÜ İNCİ AKÜ MUTLU AKÜ,,,False,low,No domain provided,
Tuzla Akü Yerinde Akü Değişim,"Aydınlı, İmren Sk. No:36/C, Tuzla",40.8693705,29.33192279999999,5.0,2,ChIJnf0CrfrZyhQRj6M6Zzj8CRY,"car_repair, store, point_of_interest, establishment",OPERATIONAL,(0216) 606 53 95,https://daricaaku.com/,"Aydınlı, İmren Sk. No:36/C, 34953 Tuzla/İstanbul, Türkiye",Tuzla Akü Yerinde Akü Değişim,https://daricaaku.com/,daricaaku.com,True,high,,2025-10-20 05:12:17
Yerinde Akü Değişim Servisi Hizmeti Akücü,"Köşklü Çeşme, 562. Sk. No:36, Gebze",40.7934521,29.3984581,5.0,1,ChIJgTOjb7bfyhQRTEh_cgRBKLY,"car_repair, store, point_of_interest, establishment",OPERATIONAL,(0216) 606 64 39,,"Köşklü Çeşme, 562. Sk. No:36, 41400 Gebze/Kocaeli, Türkiye",Yerinde Akü Değişim Servisi Hizmeti Akücü,,,False,low,No domain provided,
Acil akü yol yardım Varta yetkili servis,"Aydınlı, Çamlıbelde Yolu Cd no:90/1, Tuzla",40.8692146,29.3152553,4.9,108,ChIJ6ZmXmU7byhQRq17XgJKoA-w,"car_repair, store, point_of_interest, establishment",OPERATIONAL,0546 553 53 53,http://akubulucu.com/,"Aydınlı, Çamlıbelde Yolu Cd no:90/1, 34953 Tuzla/İstanbul, Türkiye",Acil akü yol yardım Varta yetkili servis,http://akubulucu.com/,akubulucu.com,True,high,,2025-10-20 05:12:18
AR LAS OTO LASTİK JANT AKÜ 7 24 MOBİL YOL YARDIM,"Yeni, Plevne Cd. No:50/A, Pendik",40.8887658,29.2297628,4.7,62,ChIJ_1QJiKrEyhQRLryEq5X7ycA,"car_repair, store, point_of_interest, establishment",OPERATIONAL,0535 726 44 60,,"Yeni, Plevne Cd. No:50/A, 34893 Pendik/İstanbul, Türkiye",AR LAS OTO LASTİK JANT AKÜ 7 24 MOBİL YOL YARDIM,,,False,low,No domain provided,
GEBZE DARICA OTO LASTİKCİ LASTİK DÜNYASI CİKMA LASTİK SIFIR LASTİK 7/24 YOL YARDIM LASTİKCİ GEBZE DARICA EN YAKIN LASTIKCI,"Osman Gazi, Aşıroğlu Cd. No:158, Darıca",40.7924638,29.3749722,4.4,61,ChIJzdmPmbXfyhQRxDzStvTESnI,"car_repair, store, point_of_interest, establishment",OPERATIONAL,0533 409 05 22,,"Osman Gazi, Aşıroğlu Cd. No:158, 41700 Darıca/Kocaeli, Türkiye",GEBZE DARICA OTO LASTİKCİ LASTİK DÜNYASI CİKMA LASTİK SIFIR LASTİK 7/24 YOL YARDIM LASTİKCİ GEBZE DARICA EN YAKIN LASTIKCI,,,False,low,No domain provided,
BAKIROĞLU LASTİK PENDİK 7X24 OTO LASTİK YOL YARDIM SERVİSİ GOODYEAR BAYİİ,"Yeşilbağlar, Altın Yayla Sokağı No:9, Pendik",40.8914848,29.2296423,4.7,79,ChIJ-bbNs07FyhQRFm9cuvy4hUI,"car_repair, store, point_of_interest, establishment",OPERATIONAL,0554 346 95 15,,"Yeşilbağlar, Altın Yayla Sokağı No:9, 34890 Pendik/İstanbul, Türkiye",BAKIROĞLU LASTİK PENDİK 7X24 OTO LASTİK YOL YARDIM SERVİSİ GOODYEAR BAYİİ,,,False,low,No domain provided,
Tuzla Akü varta inci yetkili servis 7/24 yol yardim.,"Aydınlı, Çamlıbelde Yolu Cd no:90/2, Tuzla",40.8692066,29.3152065,5.0,4,ChIJSeBFZ3Dmt2cRJPWM1OL2_08,"car_repair, store, point_of_interest, establishment",OPERATIONAL,0546 453 53 53,https://enerjiaku.com/,"Aydınlı, Çamlıbelde Yolu Cd no:90/2, 34953 Tuzla/İstanbul, Türkiye",Tuzla Akü varta inci yetkili servis 7/24 yol yardim.,https://enerjiaku.com/,enerjiaku.com,True,high,,2025-10-20 05:12:19
